allele,peptide
HLA-B*15:01,NVFAFPFTIY
HLA-B*40:01,IEYPIIGDEL
HLA-B*40:01,SELVIGAVIL
HLA-A*24:02,GYINVFAFPF
HLA-B*15:01,IQYIDIGNY
HLA-A*02:01,FLAFVVFLL
HLA-B*15:01,KVSIWNLDY
HLA-A*02:01,FIAGLIAIV
HLA-A*03:01,KLFAAETLK
HLA-A*11:01,VTLAILTALR
HLA-A*24:02,QYIKWPWYI
HLA-B*07:02,NPANNAAIVL
HLA-C*07:02,QRNAPRITF
HLA-B*40:01,LEYHDVRVVL
HLA-A*24:02,SYFIASFRLF
HLA-A*02:01,YIDIGNYTV
HLA-A*02:01,KLLEQWNLV
HLA-C*07:02,EYHDVRVVL
HLA-A*11:01,GTITVEELKK
HLA-C*07:02,VRFPNITNL
HLA-C*07:02,IRQEEVQEL
HLA-C*07:02,NYMPYFFTL
HLA-A*01:01,GTGPEAGLPY
HLA-B*15:01,RQEEVQELY
HLA-A*01:01,RQEEVQELY
HLA-A*11:01,ASMPTTIAK
HLA-C*07:02,NRFLYIIKL
HLA-B*07:02,TPINLVRDL
HLA-A*03:01,RIAGHHLGR
HLA-B*15:01,WLSYFIASF
HLA-A*11:01,ATEGALNTPK
HLA-A*02:01,FIRQEEVQEL
HLA-A*11:01,ASKIITLKK
HLA-C*07:02,KKADETQAL
HLA-B*40:01,MEVTPSGTWL
HLA-A*01:01,SPDDQIGYY
HLA-B*40:01,AEIVDTVSAL
HLA-A*24:02,VYIGDPAQL
HLA-B*07:02,APHGHVMVEL
HLA-A*01:01,AGDSGFAAY
HLA-B*40:01,NESLIDLQEL
HLA-B*15:01,FLYLYALVY
HLA-B*07:02,APFLYLYAL
HLA-A*11:01,ASAFFGMSR
HLA-B*07:02,FPFTIYSLLL
HLA-A*11:01,SVLNDILSR
HLA-B*07:02,RPLLESELVI
HLA-A*01:01,LTDEMIAQY
HLA-A*03:01,VTYVPAQEK
HLA-A*03:01,KTFPPTEPKK
HLA-B*07:02,FPRGQGVPI
HLA-A*01:01,TTDPSFLGRY
HLA-B*07:02,KPSFYVYSRV
HLA-B*15:01,LLNKHIDAY
HLA-A*02:01,LLLLDRLNQL
HLA-B*07:02,HPLADNKFAL
HLA-B*40:01,YEGNSPFHPL
HLA-A*11:01,SSTASALGK
HLA-B*40:01,TEVPANSTVL
HLA-C*07:02,VYDPLQPEL
HLA-A*24:02,PFHPLADNKF
HLA-A*02:01,VLQLPQGTTL
HLA-A*03:01,NIVNVSLVK
HLA-C*07:02,IYNDKVAGF
HLA-A*02:01,ALSKGVHFV
HLA-A*11:01,GVKHVYQLR
HLA-A*03:01,KLDDKDPNFK
HLA-B*08:01,TPKYKFVRI
HLA-B*15:01,LVKPSFYVY
HLA-B*08:01,FVKHKHAFL
HLA-A*01:01,LIDLQELGKY
HLA-A*02:01,FLLPSLATV
HLA-A*24:02,VYFLQSINF
HLA-B*08:01,YLKLRSDVL
HLA-A*11:01,NLIIKNLSK
HLA-A*03:01,NLIIKNLSK
HLA-A*03:01,QLRARSVSPK
HLA-B*07:02,EPKLGSLVV
HLA-B*15:01,VLKGVKLHY
HLA-B*40:01,TEAFEKMVSL
HLA-B*40:01,SEPVLKGVKL
HLA-C*07:02,YYQLYSTQL
HLA-A*24:02,FYVYSRVKNL
HLA-B*08:01,EPVLKGVKL
HLA-B*08:01,GAKLKALNL
HLA-B*08:01,DLKGKYVQI
HLA-A*03:01,RLFRKSNLK
HLA-B*08:01,EAFEKMVSL
HLA-B*08:01,VPMEKLKTL
HLA-B*15:01,YQKVGMQKY
HLA-B*08:01,IIKNLSKSL
HLA-B*08:01,TLDSKTQSL