allele,peptide,BA
HLA-A*01:01,AGDSGFAAY,0.408579
HLA-A*01:01,GTGPEAGLPY,0.412494
HLA-A*01:01,LIDLQELGKY,0.555958
HLA-A*01:01,LTDEMIAQY,0.859987
HLA-A*01:01,RQEEVQELY,0.272553
HLA-A*01:01,SPDDQIGYY,0.296157
HLA-A*01:01,TTDPSFLGRY,0.838067
HLA-A*02:01,ALSKGVHFV,0.797921
HLA-A*02:01,FIAGLIAIV,0.825508
HLA-A*02:01,FIRQEEVQEL,0.38907
HLA-A*02:01,FLAFVVFLL,0.83491
HLA-A*02:01,FLLPSLATV,0.918705
HLA-A*02:01,KLLEQWNLV,0.816996
HLA-A*02:01,LLLLDRLNQL,0.569258
HLA-A*02:01,VLQLPQGTTL,0.331656
HLA-A*02:01,YIDIGNYTV,0.806957
HLA-A*03:01,KLDDKDPNFK,0.482778
HLA-A*03:01,KLFAAETLK,0.805114
HLA-A*03:01,KTFPPTEPKK,0.723237
HLA-A*03:01,NIVNVSLVK,0.4002
HLA-A*03:01,NLIIKNLSK,0.469231
HLA-A*03:01,QLRARSVSPK,0.656258
HLA-A*03:01,RIAGHHLGR,0.611295
HLA-A*03:01,RLFRKSNLK,0.854728
HLA-A*03:01,VTYVPAQEK,0.660915
HLA-A*11:01,ASAFFGMSR,0.750898
HLA-A*11:01,ASKIITLKK,0.652106
HLA-A*11:01,ASMPTTIAK,0.862306
HLA-A*11:01,ATEGALNTPK,0.709862
HLA-A*11:01,GTITVEELKK,0.666569
HLA-A*11:01,GVKHVYQLR,0.281346
HLA-A*11:01,NLIIKNLSK,0.460269
HLA-A*11:01,SSTASALGK,0.708263
HLA-A*11:01,SVLNDILSR,0.621057
HLA-A*11:01,VTLAILTALR,0.558151
HLA-A*24:02,FYVYSRVKNL,0.330686
HLA-A*24:02,GYINVFAFPF,0.720712
HLA-A*24:02,PFHPLADNKF,0.316972
HLA-A*24:02,QYIKWPWYI,0.832869
HLA-A*24:02,SYFIASFRLF,0.829049
HLA-A*24:02,VYFLQSINF,0.739882
HLA-A*24:02,VYIGDPAQL,0.506955
HLA-B*07:02,APFLYLYAL,0.594181
HLA-B*07:02,APHGHVMVEL,0.733071
HLA-B*07:02,EPKLGSLVV,0.39647
HLA-B*07:02,FPFTIYSLLL,0.417453
HLA-B*07:02,FPRGQGVPI,0.86725
HLA-B*07:02,HPLADNKFAL,0.623097
HLA-B*07:02,KPSFYVYSRV,0.446328
HLA-B*07:02,NPANNAAIVL,0.459422
HLA-B*07:02,RPLLESELVI,0.464833
HLA-B*07:02,TPINLVRDL,0.504374
HLA-B*08:01,DLKGKYVQI,0.544239
HLA-B*08:01,EAFEKMVSL,0.498269
HLA-B*08:01,EPVLKGVKL,0.319271
HLA-B*08:01,FVKHKHAFL,0.778182
HLA-B*08:01,GAKLKALNL,0.45867
HLA-B*08:01,IIKNLSKSL,0.4938
HLA-B*08:01,TLDSKTQSL,0.370358
HLA-B*08:01,TPKYKFVRI,0.597214
HLA-B*08:01,VPMEKLKTL,0.646687
HLA-B*08:01,YLKLRSDVL,0.819142
HLA-B*15:01,FLYLYALVY,0.511829
HLA-B*15:01,IQYIDIGNY,0.677635
HLA-B*15:01,KVSIWNLDY,0.424168
HLA-B*15:01,LLNKHIDAY,0.696693
HLA-B*15:01,LVKPSFYVY,0.688551
HLA-B*15:01,NVFAFPFTIY,0.540922
HLA-B*15:01,RQEEVQELY,0.475385
HLA-B*15:01,VLKGVKLHY,0.594404
HLA-B*15:01,WLSYFIASF,0.668703
HLA-B*15:01,YQKVGMQKY,0.692226
HLA-B*40:01,AEIVDTVSAL,0.725225
HLA-B*40:01,IEYPIIGDEL,0.640066
HLA-B*40:01,LEYHDVRVVL,0.678635
HLA-B*40:01,MEVTPSGTWL,0.674503
HLA-B*40:01,NESLIDLQEL,0.505086
HLA-B*40:01,SELVIGAVIL,0.709001
HLA-B*40:01,SEPVLKGVKL,0.463175
HLA-B*40:01,TEAFEKMVSL,0.633717
HLA-B*40:01,TEVPANSTVL,0.664271
HLA-B*40:01,YEGNSPFHPL,0.703843
HLA-C*07:02,EYHDVRVVL,0.445141
HLA-C*07:02,IRQEEVQEL,0.509986
HLA-C*07:02,IYNDKVAGF,0.534564
HLA-C*07:02,KKADETQAL,0.185462
HLA-C*07:02,NRFLYIIKL,0.471905
HLA-C*07:02,NYMPYFFTL,0.742881
HLA-C*07:02,QRNAPRITF,0.429929
HLA-C*07:02,VRFPNITNL,0.578225
HLA-C*07:02,VYDPLQPEL,0.475003
HLA-C*07:02,YYQLYSTQL,0.689638
